{"balances":{"account_number":64394603,"account_type":2,"cash":15978.990000,"close_pl":0.000000,"dividend_balance":0.000000,"equity":20696.990000,"long_liquid_value":0.000000,"long_market_value":0.000000,"market_value":0.000000,"net_value":-132624.490000,"open_pl":701.000000,"option_long_value":2165.000000,"option_requirement":0.000000,"option_short_value":0.000000,"pending_cash":0.000000,"pending_orders_count":0,"short_liquid_value":0.000000,"short_market_value":0.000000,"stock_long_value":2553.000000,"stock_short_value":0.000000,"sweep":0.000000,"cash_available":132624.000000,"prev_day_cash_available":132624.000000}}